stock,fmp,area,recommendation_year,report_year,source_file,page,ofl,abc,units,table,page_url
Pollock,BSAI,AI,2022,2021,SSC Dec 2021.pdf,10,61264,50752,metric tons,"Table 1. SSC recommended OFL, ABC for Groundfish in the Bering Sea/Aleutian Islands (metric tons) for",pdfs/SSC%20Dec%202021.pdf#page=10
Pollock,BSAI,AI,2023,2021,SSC Dec 2021.pdf,10,61379,50825,metric tons,"Table 1. SSC recommended OFL, ABC for Groundfish in the Bering Sea/Aleutian Islands (metric tons) for",pdfs/SSC%20Dec%202021.pdf#page=10
Pollock,BSAI,Bogoslof,2022,2021,SSC Dec 2021.pdf,10,113479,85109,metric tons,"Table 1. SSC recommended OFL, ABC for Groundfish in the Bering Sea/Aleutian Islands (metric tons) for",pdfs/SSC%20Dec%202021.pdf#page=10
Pollock,BSAI,Bogoslof,2023,2021,SSC Dec 2021.pdf,10,113479,85109,metric tons,"Table 1. SSC recommended OFL, ABC for Groundfish in the Bering Sea/Aleutian Islands (metric tons) for",pdfs/SSC%20Dec%202021.pdf#page=10
Pacific cod,BSAI,AI,2022,2021,SSC Dec 2021.pdf,10,27400,20600,metric tons,"Table 1. SSC recommended OFL, ABC for Groundfish in the Bering Sea/Aleutian Islands (metric tons) for",pdfs/SSC%20Dec%202021.pdf#page=10
Pacific cod,BSAI,AI,2023,2021,SSC Dec 2021.pdf,10,27400,20600,metric tons,"Table 1. SSC recommended OFL, ABC for Groundfish in the Bering Sea/Aleutian Islands (metric tons) for",pdfs/SSC%20Dec%202021.pdf#page=10
Pacific cod,BSAI,BSAI/GOA,2022,2021,SSC Dec 2021.pdf,10,40432,34521,metric tons,"Table 1. SSC recommended OFL, ABC for Groundfish in the Bering Sea/Aleutian Islands (metric tons) for",pdfs/SSC%20Dec%202021.pdf#page=10
Pacific cod,BSAI,BSAI/GOA,2023,2021,SSC Dec 2021.pdf,10,42520,36318,metric tons,"Table 1. SSC recommended OFL, ABC for Groundfish in the Bering Sea/Aleutian Islands (metric tons) for",pdfs/SSC%20Dec%202021.pdf#page=10
Pacific cod,BSAI,BS,2022,2021,SSC Dec 2021.pdf,10,3396,3961,metric tons,"Table 1. SSC recommended OFL, ABC for Groundfish in the Bering Sea/Aleutian Islands (metric tons) for",pdfs/SSC%20Dec%202021.pdf#page=10
Pacific cod,BSAI,BS,2023,2021,SSC Dec 2021.pdf,10,5264,6529,metric tons,"Table 1. SSC recommended OFL, ABC for Groundfish in the Bering Sea/Aleutian Islands (metric tons) for",pdfs/SSC%20Dec%202021.pdf#page=10
Sablefish,BSAI,AI,2022,2021,SSC Dec 2021.pdf,10,4717,1425,metric tons,"Table 1. SSC recommended OFL, ABC for Groundfish in the Bering Sea/Aleutian Islands (metric tons) for",pdfs/SSC%20Dec%202021.pdf#page=10
Sablefish,BSAI,AI,2023,2021,SSC Dec 2021.pdf,10,6463,7786,metric tons,"Table 1. SSC recommended OFL, ABC for Groundfish in the Bering Sea/Aleutian Islands (metric tons) for",pdfs/SSC%20Dec%202021.pdf#page=10
Yellowfin sole,BSAI,BSAI,2022,2021,SSC Dec 2021.pdf,10,7687,6572,metric tons,"Table 1. SSC recommended OFL, ABC for Groundfish in the Bering Sea/Aleutian Islands (metric tons) for",pdfs/SSC%20Dec%202021.pdf#page=10
Yellowfin sole,BSAI,BSAI,2023,2021,SSC Dec 2021.pdf,10,6698,5724,metric tons,"Table 1. SSC recommended OFL, ABC for Groundfish in the Bering Sea/Aleutian Islands (metric tons) for",pdfs/SSC%20Dec%202021.pdf#page=10
Greenland turbot,BSAI,BS,2022,2021,SSC Dec 2021.pdf,10,5125,1129,metric tons,"Table 1. SSC recommended OFL, ABC for Groundfish in the Bering Sea/Aleutian Islands (metric tons) for",pdfs/SSC%20Dec%202021.pdf#page=10
Greenland turbot,BSAI,BS,2023,2021,SSC Dec 2021.pdf,10,5540,4825,metric tons,"Table 1. SSC recommended OFL, ABC for Groundfish in the Bering Sea/Aleutian Islands (metric tons) for",pdfs/SSC%20Dec%202021.pdf#page=10
Greenland turbot,BSAI,AI,2022,2021,SSC Dec 2021.pdf,10,900,457,metric tons,"Table 1. SSC recommended OFL, ABC for Groundfish in the Bering Sea/Aleutian Islands (metric tons) for",pdfs/SSC%20Dec%202021.pdf#page=10
Greenland turbot,BSAI,AI,2023,2021,SSC Dec 2021.pdf,10,1032,899,metric tons,"Table 1. SSC recommended OFL, ABC for Groundfish in the Bering Sea/Aleutian Islands (metric tons) for",pdfs/SSC%20Dec%202021.pdf#page=10
Arrowtooth flounder,BSAI,BSAI,2022,2021,SSC Dec 2021.pdf,10,94445,80389,metric tons,"Table 1. SSC recommended OFL, ABC for Groundfish in the Bering Sea/Aleutian Islands (metric tons) for",pdfs/SSC%20Dec%202021.pdf#page=10
Arrowtooth flounder,BSAI,BSAI,2023,2021,SSC Dec 2021.pdf,10,97944,83389,metric tons,"Table 1. SSC recommended OFL, ABC for Groundfish in the Bering Sea/Aleutian Islands (metric tons) for",pdfs/SSC%20Dec%202021.pdf#page=10
Kamchatka flounder,BSAI,BSAI,2022,2021,SSC Dec 2021.pdf,10,10903,9214,metric tons,"Table 1. SSC recommended OFL, ABC for Groundfish in the Bering Sea/Aleutian Islands (metric tons) for",pdfs/SSC%20Dec%202021.pdf#page=10
Kamchatka flounder,BSAI,BSAI,2023,2021,SSC Dec 2021.pdf,10,11115,9393,metric tons,"Table 1. SSC recommended OFL, ABC for Groundfish in the Bering Sea/Aleutian Islands (metric tons) for",pdfs/SSC%20Dec%202021.pdf#page=10
Northern rock sole,BSAI,BSAI,2022,2021,SSC Dec 2021.pdf,10,214084,206896,metric tons,"Table 1. SSC recommended OFL, ABC for Groundfish in the Bering Sea/Aleutian Islands (metric tons) for",pdfs/SSC%20Dec%202021.pdf#page=10
Northern rock sole,BSAI,BSAI,2023,2021,SSC Dec 2021.pdf,10,280621,271199,metric tons,"Table 1. SSC recommended OFL, ABC for Groundfish in the Bering Sea/Aleutian Islands (metric tons) for",pdfs/SSC%20Dec%202021.pdf#page=10
Flathead sole,BSAI,BSAI,2022,2021,SSC Dec 2021.pdf,10,77967,64288,metric tons,"Table 1. SSC recommended OFL, ABC for Groundfish in the Bering Sea/Aleutian Islands (metric tons) for",pdfs/SSC%20Dec%202021.pdf#page=10
Flathead sole,BSAI,BSAI,2023,2021,SSC Dec 2021.pdf,10,80034,65988,metric tons,"Table 1. SSC recommended OFL, ABC for Groundfish in the Bering Sea/Aleutian Islands (metric tons) for",pdfs/SSC%20Dec%202021.pdf#page=10
Alaska plaice,BSAI,BSAI,2022,2021,SSC Dec 2021.pdf,10,39305,32697,metric tons,"Table 1. SSC recommended OFL, ABC for Groundfish in the Bering Sea/Aleutian Islands (metric tons) for",pdfs/SSC%20Dec%202021.pdf#page=10
Alaska plaice,BSAI,BSAI,2023,2021,SSC Dec 2021.pdf,10,39685,32998,metric tons,"Table 1. SSC recommended OFL, ABC for Groundfish in the Bering Sea/Aleutian Islands (metric tons) for",pdfs/SSC%20Dec%202021.pdf#page=10
Other flatfish,BSAI,BSAI,2022,2021,SSC Dec 2021.pdf,10,22919,17189,metric tons,"Table 1. SSC recommended OFL, ABC for Groundfish in the Bering Sea/Aleutian Islands (metric tons) for",pdfs/SSC%20Dec%202021.pdf#page=10
Other flatfish,BSAI,BSAI,2023,2021,SSC Dec 2021.pdf,10,22919,17189,metric tons,"Table 1. SSC recommended OFL, ABC for Groundfish in the Bering Sea/Aleutian Islands (metric tons) for",pdfs/SSC%20Dec%202021.pdf#page=10
Other flatfish,BSAI,BSAI,2022,2021,SSC Dec 2021.pdf,10,42605,35688,metric tons,"Table 1. SSC recommended OFL, ABC for Groundfish in the Bering Sea/Aleutian Islands (metric tons) for",pdfs/SSC%20Dec%202021.pdf#page=10
Other flatfish,BSAI,BSAI,2023,2021,SSC Dec 2021.pdf,10,40977,34322,metric tons,"Table 1. SSC recommended OFL, ABC for Groundfish in the Bering Sea/Aleutian Islands (metric tons) for",pdfs/SSC%20Dec%202021.pdf#page=10
Other flatfish,BSAI,BS,2022,2021,SSC Dec 2021.pdf,10,10782,8679,metric tons,"Table 1. SSC recommended OFL, ABC for Groundfish in the Bering Sea/Aleutian Islands (metric tons) for",pdfs/SSC%20Dec%202021.pdf#page=10
Other flatfish,BSAI,BS,2023,2021,SSC Dec 2021.pdf,10,10352,9956,metric tons,"Table 1. SSC recommended OFL, ABC for Groundfish in the Bering Sea/Aleutian Islands (metric tons) for",pdfs/SSC%20Dec%202021.pdf#page=10
Pacific ocean perch,BSAI,EAI,2022,2021,SSC Dec 2021.pdf,10,8419,7442,metric tons,"Table 1. SSC recommended OFL, ABC for Groundfish in the Bering Sea/Aleutian Islands (metric tons) for",pdfs/SSC%20Dec%202021.pdf#page=10
Pacific ocean perch,BSAI,EAI,2023,2021,SSC Dec 2021.pdf,10,8083,7774,metric tons,"Table 1. SSC recommended OFL, ABC for Groundfish in the Bering Sea/Aleutian Islands (metric tons) for",pdfs/SSC%20Dec%202021.pdf#page=10
Pacific ocean perch,BSAI,CAI,2022,2021,SSC Dec 2021.pdf,10,6198,5885,metric tons,"Table 1. SSC recommended OFL, ABC for Groundfish in the Bering Sea/Aleutian Islands (metric tons) for",pdfs/SSC%20Dec%202021.pdf#page=10
Pacific ocean perch,BSAI,CAI,2023,2021,SSC Dec 2021.pdf,10,5950,5722,metric tons,"Table 1. SSC recommended OFL, ABC for Groundfish in the Bering Sea/Aleutian Islands (metric tons) for",pdfs/SSC%20Dec%202021.pdf#page=10
Pacific ocean perch,BSAI,WAI,2022,2021,SSC Dec 2021.pdf,10,10500,10107,metric tons,"Table 1. SSC recommended OFL, ABC for Groundfish in the Bering Sea/Aleutian Islands (metric tons) for",pdfs/SSC%20Dec%202021.pdf#page=10
Pacific ocean perch,BSAI,WAI,2023,2021,SSC Dec 2021.pdf,10,11303,10870,metric tons,"Table 1. SSC recommended OFL, ABC for Groundfish in the Bering Sea/Aleutian Islands (metric tons) for",pdfs/SSC%20Dec%202021.pdf#page=10
Northern rockfish,BSAI,BSAI,2022,2021,SSC Dec 2021.pdf,10,23420,19217,metric tons,"Table 1. SSC recommended OFL, ABC for Groundfish in the Bering Sea/Aleutian Islands (metric tons) for",pdfs/SSC%20Dec%202021.pdf#page=10
Northern rockfish,BSAI,BSAI,2023,2021,SSC Dec 2021.pdf,10,22594,18538,metric tons,"Table 1. SSC recommended OFL, ABC for Groundfish in the Bering Sea/Aleutian Islands (metric tons) for",pdfs/SSC%20Dec%202021.pdf#page=10
Northern rockfish,BSAI,BSAI,2022,2021,SSC Dec 2021.pdf,10,598,503,metric tons,"Table 1. SSC recommended OFL, ABC for Groundfish in the Bering Sea/Aleutian Islands (metric tons) for",pdfs/SSC%20Dec%202021.pdf#page=10
Northern rockfish,BSAI,BSAI,2023,2021,SSC Dec 2021.pdf,10,615,517,metric tons,"Table 1. SSC recommended OFL, ABC for Groundfish in the Bering Sea/Aleutian Islands (metric tons) for",pdfs/SSC%20Dec%202021.pdf#page=10
Blackspotted/Rougheye rockfish,BSAI,EBS/EAI,2022,2021,SSC Dec 2021.pdf,10,313,211,metric tons,"Table 1. SSC recommended OFL, ABC for Groundfish in the Bering Sea/Aleutian Islands (metric tons) for",pdfs/SSC%20Dec%202021.pdf#page=10
Blackspotted/Rougheye rockfish,BSAI,EBS/EAI,2023,2021,SSC Dec 2021.pdf,10,326,334,metric tons,"Table 1. SSC recommended OFL, ABC for Groundfish in the Bering Sea/Aleutian Islands (metric tons) for",pdfs/SSC%20Dec%202021.pdf#page=10
Blackspotted/Rougheye rockfish Rockfish,BSAI,CAI/WAI,2022,2021,SSC Dec 2021.pdf,10,169,302,metric tons,"Table 1. SSC recommended OFL, ABC for Groundfish in the Bering Sea/Aleutian Islands (metric tons) for",pdfs/SSC%20Dec%202021.pdf#page=10
Blackspotted/Rougheye rockfish Rockfish,BSAI,CAI/WAI,2023,2021,SSC Dec 2021.pdf,10,177,183,metric tons,"Table 1. SSC recommended OFL, ABC for Groundfish in the Bering Sea/Aleutian Islands (metric tons) for",pdfs/SSC%20Dec%202021.pdf#page=10
Shortraker rockfish,BSAI,BSAI,2022,2021,SSC Dec 2021.pdf,10,722,541,metric tons,"Table 1. SSC recommended OFL, ABC for Groundfish in the Bering Sea/Aleutian Islands (metric tons) for",pdfs/SSC%20Dec%202021.pdf#page=10
Shortraker rockfish,BSAI,BSAI,2023,2021,SSC Dec 2021.pdf,10,722,541,metric tons,"Table 1. SSC recommended OFL, ABC for Groundfish in the Bering Sea/Aleutian Islands (metric tons) for",pdfs/SSC%20Dec%202021.pdf#page=10
Shortraker rockfish,BSAI,BSAI,2022,2021,SSC Dec 2021.pdf,10,1751,1313,metric tons,"Table 1. SSC recommended OFL, ABC for Groundfish in the Bering Sea/Aleutian Islands (metric tons) for",pdfs/SSC%20Dec%202021.pdf#page=10
Shortraker rockfish,BSAI,BSAI,2023,2021,SSC Dec 2021.pdf,10,1751,1313,metric tons,"Table 1. SSC recommended OFL, ABC for Groundfish in the Bering Sea/Aleutian Islands (metric tons) for",pdfs/SSC%20Dec%202021.pdf#page=10
Other rockfish,BSAI,BS,2022,2021,SSC Dec 2021.pdf,10,,919,metric tons,"Table 1. SSC recommended OFL, ABC for Groundfish in the Bering Sea/Aleutian Islands (metric tons) for",pdfs/SSC%20Dec%202021.pdf#page=10
Other rockfish,BSAI,BS,2023,2021,SSC Dec 2021.pdf,10,,919,metric tons,"Table 1. SSC recommended OFL, ABC for Groundfish in the Bering Sea/Aleutian Islands (metric tons) for",pdfs/SSC%20Dec%202021.pdf#page=10
Other rockfish,BSAI,AI,2022,2021,SSC Dec 2021.pdf,10,,394,metric tons,"Table 1. SSC recommended OFL, ABC for Groundfish in the Bering Sea/Aleutian Islands (metric tons) for",pdfs/SSC%20Dec%202021.pdf#page=10
Other rockfish,BSAI,AI,2023,2021,SSC Dec 2021.pdf,10,,394,metric tons,"Table 1. SSC recommended OFL, ABC for Groundfish in the Bering Sea/Aleutian Islands (metric tons) for",pdfs/SSC%20Dec%202021.pdf#page=10
Other rockfish,BSAI,BSAI,2022,2021,SSC Dec 2021.pdf,10,91870,78510,metric tons,"Table 1. SSC recommended OFL, ABC for Groundfish in the Bering Sea/Aleutian Islands (metric tons) for",pdfs/SSC%20Dec%202021.pdf#page=10
Other rockfish,BSAI,BSAI,2023,2021,SSC Dec 2021.pdf,10,84440,71990,metric tons,"Table 1. SSC recommended OFL, ABC for Groundfish in the Bering Sea/Aleutian Islands (metric tons) for",pdfs/SSC%20Dec%202021.pdf#page=10
Other rockfish,BSAI,EAI/BS,2022,2021,SSC Dec 2021.pdf,10,25760,22598,metric tons,"Table 1. SSC recommended OFL, ABC for Groundfish in the Bering Sea/Aleutian Islands (metric tons) for",pdfs/SSC%20Dec%202021.pdf#page=10
Other rockfish,BSAI,EAI/BS,2023,2021,SSC Dec 2021.pdf,10,27260,25000,metric tons,"Table 1. SSC recommended OFL, ABC for Groundfish in the Bering Sea/Aleutian Islands (metric tons) for",pdfs/SSC%20Dec%202021.pdf#page=10
Atka mackerel,BSAI,CAI,2022,2021,SSC Dec 2021.pdf,10,15450,15272,metric tons,"Table 1. SSC recommended OFL, ABC for Groundfish in the Bering Sea/Aleutian Islands (metric tons) for",pdfs/SSC%20Dec%202021.pdf#page=10
Atka mackerel,BSAI,CAI,2023,2021,SSC Dec 2021.pdf,10,16880,15470,metric tons,"Table 1. SSC recommended OFL, ABC for Groundfish in the Bering Sea/Aleutian Islands (metric tons) for",pdfs/SSC%20Dec%202021.pdf#page=10
Atka mackerel,BSAI,WAI,2022,2021,SSC Dec 2021.pdf,10,21047,20701,metric tons,"Table 1. SSC recommended OFL, ABC for Groundfish in the Bering Sea/Aleutian Islands (metric tons) for",pdfs/SSC%20Dec%202021.pdf#page=10
Atka mackerel,BSAI,WAI,2023,2021,SSC Dec 2021.pdf,10,34370,31520,metric tons,"Table 1. SSC recommended OFL, ABC for Groundfish in the Bering Sea/Aleutian Islands (metric tons) for",pdfs/SSC%20Dec%202021.pdf#page=10
Skates,BSAI,BSAI,2022,2021,SSC Dec 2021.pdf,10,47790,39958,metric tons,"Table 1. SSC recommended OFL, ABC for Groundfish in the Bering Sea/Aleutian Islands (metric tons) for",pdfs/SSC%20Dec%202021.pdf#page=10
Skates,BSAI,BSAI,2023,2021,SSC Dec 2021.pdf,10,46475,38824,metric tons,"Table 1. SSC recommended OFL, ABC for Groundfish in the Bering Sea/Aleutian Islands (metric tons) for",pdfs/SSC%20Dec%202021.pdf#page=10
Sharks,BSAI,BSAI,2022,2021,SSC Dec 2021.pdf,10,689,517,metric tons,"Table 1. SSC recommended OFL, ABC for Groundfish in the Bering Sea/Aleutian Islands (metric tons) for",pdfs/SSC%20Dec%202021.pdf#page=10
Sharks,BSAI,BSAI,2023,2021,SSC Dec 2021.pdf,10,689,517,metric tons,"Table 1. SSC recommended OFL, ABC for Groundfish in the Bering Sea/Aleutian Islands (metric tons) for",pdfs/SSC%20Dec%202021.pdf#page=10
Octopuses,BSAI,BSAI,2022,2021,SSC Dec 2021.pdf,10,4769,3576,metric tons,"Table 1. SSC recommended OFL, ABC for Groundfish in the Bering Sea/Aleutian Islands (metric tons) for",pdfs/SSC%20Dec%202021.pdf#page=10
Octopuses,BSAI,BSAI,2023,2021,SSC Dec 2021.pdf,10,4769,3576,metric tons,"Table 1. SSC recommended OFL, ABC for Groundfish in the Bering Sea/Aleutian Islands (metric tons) for",pdfs/SSC%20Dec%202021.pdf#page=10
Pollock,BSAI,AI,2024,2023,SSC Dec 2023.pdf,10,51516,42654,metric tons,"Table 1. SSC recommended OFL, ABC for Groundfish in the Bering Sea/Aleutian Islands (metric tons) for",pdfs/SSC%20Dec%202023.pdf#page=10
Pollock,BSAI,AI,2025,2023,SSC Dec 2023.pdf,10,53030,43863,metric tons,"Table 1. SSC recommended OFL, ABC for Groundfish in the Bering Sea/Aleutian Islands (metric tons) for",pdfs/SSC%20Dec%202023.pdf#page=10
Pollock,BSAI,Bogoslof,2024,2023,SSC Dec 2023.pdf,10,300,86360,metric tons,"Table 1. SSC recommended OFL, ABC for Groundfish in the Bering Sea/Aleutian Islands (metric tons) for",pdfs/SSC%20Dec%202023.pdf#page=10
Pollock,BSAI,Bogoslof,2025,2023,SSC Dec 2023.pdf,10,115146,86360,metric tons,"Table 1. SSC recommended OFL, ABC for Groundfish in the Bering Sea/Aleutian Islands (metric tons) for",pdfs/SSC%20Dec%202023.pdf#page=10
Pollock,BSAI,BS,2024,2023,SSC Dec 2023.pdf,10,200995,167952,metric tons,"Table 1. SSC recommended OFL, ABC for Groundfish in the Bering Sea/Aleutian Islands (metric tons) for",pdfs/SSC%20Dec%202023.pdf#page=10
Pollock,BSAI,BS,2025,2023,SSC Dec 2023.pdf,10,180798,150876,metric tons,"Table 1. SSC recommended OFL, ABC for Groundfish in the Bering Sea/Aleutian Islands (metric tons) for",pdfs/SSC%20Dec%202023.pdf#page=10
Pacific cod,BSAI,AI,2024,2023,SSC Dec 2023.pdf,10,18416,12431,metric tons,"Table 1. SSC recommended OFL, ABC for Groundfish in the Bering Sea/Aleutian Islands (metric tons) for",pdfs/SSC%20Dec%202023.pdf#page=10
Pacific cod,BSAI,AI,2025,2023,SSC Dec 2023.pdf,10,18416,12431,metric tons,"Table 1. SSC recommended OFL, ABC for Groundfish in the Bering Sea/Aleutian Islands (metric tons) for",pdfs/SSC%20Dec%202023.pdf#page=10
Pacific cod,BSAI,BSAI/GOA,2024,2023,SSC Dec 2023.pdf,10,55084,47146,metric tons,"Table 1. SSC recommended OFL, ABC for Groundfish in the Bering Sea/Aleutian Islands (metric tons) for",pdfs/SSC%20Dec%202023.pdf#page=10
Pacific cod,BSAI,BSAI/GOA,2025,2023,SSC Dec 2023.pdf,10,55317,47350,metric tons,"Table 1. SSC recommended OFL, ABC for Groundfish in the Bering Sea/Aleutian Islands (metric tons) for",pdfs/SSC%20Dec%202023.pdf#page=10
Pacific cod,BSAI,BS,2024,2023,SSC Dec 2023.pdf,10,7996,5164,metric tons,"Table 1. SSC recommended OFL, ABC for Groundfish in the Bering Sea/Aleutian Islands (metric tons) for",pdfs/SSC%20Dec%202023.pdf#page=10
Pacific cod,BSAI,BS,2025,2023,SSC Dec 2023.pdf,10,11450,11499,metric tons,"Table 1. SSC recommended OFL, ABC for Groundfish in the Bering Sea/Aleutian Islands (metric tons) for",pdfs/SSC%20Dec%202023.pdf#page=10
Sablefish,BSAI,AI,2024,2023,SSC Dec 2023.pdf,10,8440,2319,metric tons,"Table 1. SSC recommended OFL, ABC for Groundfish in the Bering Sea/Aleutian Islands (metric tons) for",pdfs/SSC%20Dec%202023.pdf#page=10
Sablefish,BSAI,AI,2025,2023,SSC Dec 2023.pdf,10,13100,13156,metric tons,"Table 1. SSC recommended OFL, ABC for Groundfish in the Bering Sea/Aleutian Islands (metric tons) for",pdfs/SSC%20Dec%202023.pdf#page=10
Yellowfin sole,BSAI,BSAI,2024,2023,SSC Dec 2023.pdf,10,305298,265913,metric tons,"Table 1. SSC recommended OFL, ABC for Groundfish in the Bering Sea/Aleutian Islands (metric tons) for",pdfs/SSC%20Dec%202023.pdf#page=10
Yellowfin sole,BSAI,BSAI,2025,2023,SSC Dec 2023.pdf,10,317932,276917,metric tons,"Table 1. SSC recommended OFL, ABC for Groundfish in the Bering Sea/Aleutian Islands (metric tons) for",pdfs/SSC%20Dec%202023.pdf#page=10
Yellowfin sole,BSAI,BSAI,2024,2023,SSC Dec 2023.pdf,10,3705,3188,metric tons,"Table 1. SSC recommended OFL, ABC for Groundfish in the Bering Sea/Aleutian Islands (metric tons) for",pdfs/SSC%20Dec%202023.pdf#page=10
Yellowfin sole,BSAI,BSAI,2025,2023,SSC Dec 2023.pdf,10,3185,2740,metric tons,"Table 1. SSC recommended OFL, ABC for Groundfish in the Bering Sea/Aleutian Islands (metric tons) for",pdfs/SSC%20Dec%202023.pdf#page=10
Greenland turbot,BSAI,BS,2024,2023,SSC Dec 2023.pdf,10,3180,793,metric tons,"Table 1. SSC recommended OFL, ABC for Groundfish in the Bering Sea/Aleutian Islands (metric tons) for",pdfs/SSC%20Dec%202023.pdf#page=10
Greenland turbot,BSAI,BS,2025,2023,SSC Dec 2023.pdf,10,2687,2310,metric tons,"Table 1. SSC recommended OFL, ABC for Groundfish in the Bering Sea/Aleutian Islands (metric tons) for",pdfs/SSC%20Dec%202023.pdf#page=10
Greenland turbot,BSAI,AI,2024,2023,SSC Dec 2023.pdf,10,592,479,metric tons,"Table 1. SSC recommended OFL, ABC for Groundfish in the Bering Sea/Aleutian Islands (metric tons) for",pdfs/SSC%20Dec%202023.pdf#page=10
Greenland turbot,BSAI,AI,2025,2023,SSC Dec 2023.pdf,10,501,430,metric tons,"Table 1. SSC recommended OFL, ABC for Groundfish in the Bering Sea/Aleutian Islands (metric tons) for",pdfs/SSC%20Dec%202023.pdf#page=10
Arrowtooth flounder,BSAI,BSAI,2024,2023,SSC Dec 2023.pdf,10,15000,87690,metric tons,"Table 1. SSC recommended OFL, ABC for Groundfish in the Bering Sea/Aleutian Islands (metric tons) for",pdfs/SSC%20Dec%202023.pdf#page=10
Arrowtooth flounder,BSAI,BSAI,2025,2023,SSC Dec 2023.pdf,10,104270,88548,metric tons,"Table 1. SSC recommended OFL, ABC for Groundfish in the Bering Sea/Aleutian Islands (metric tons) for",pdfs/SSC%20Dec%202023.pdf#page=10
Kamchatka flounder,BSAI,BSAI,2024,2023,SSC Dec 2023.pdf,10,8850,7498,metric tons,"Table 1. SSC recommended OFL, ABC for Groundfish in the Bering Sea/Aleutian Islands (metric tons) for",pdfs/SSC%20Dec%202023.pdf#page=10
Kamchatka flounder,BSAI,BSAI,2025,2023,SSC Dec 2023.pdf,10,8687,7360,metric tons,"Table 1. SSC recommended OFL, ABC for Groundfish in the Bering Sea/Aleutian Islands (metric tons) for",pdfs/SSC%20Dec%202023.pdf#page=10
Northern rock sole,BSAI,BSAI,2024,2023,SSC Dec 2023.pdf,10,197828,122091,metric tons,"Table 1. SSC recommended OFL, ABC for Groundfish in the Bering Sea/Aleutian Islands (metric tons) for",pdfs/SSC%20Dec%202023.pdf#page=10
Northern rock sole,BSAI,BSAI,2025,2023,SSC Dec 2023.pdf,10,264789,122535,metric tons,"Table 1. SSC recommended OFL, ABC for Groundfish in the Bering Sea/Aleutian Islands (metric tons) for",pdfs/SSC%20Dec%202023.pdf#page=10
Flathead sole,BSAI,BSAI,2024,2023,SSC Dec 2023.pdf,10,81605,67289,metric tons,"Table 1. SSC recommended OFL, ABC for Groundfish in the Bering Sea/Aleutian Islands (metric tons) for",pdfs/SSC%20Dec%202023.pdf#page=10
Flathead sole,BSAI,BSAI,2025,2023,SSC Dec 2023.pdf,10,82699,68203,metric tons,"Table 1. SSC recommended OFL, ABC for Groundfish in the Bering Sea/Aleutian Islands (metric tons) for",pdfs/SSC%20Dec%202023.pdf#page=10
Alaska plaice,BSAI,BSAI,2024,2023,SSC Dec 2023.pdf,10,42695,35494,metric tons,"Table 1. SSC recommended OFL, ABC for Groundfish in the Bering Sea/Aleutian Islands (metric tons) for",pdfs/SSC%20Dec%202023.pdf#page=10
Alaska plaice,BSAI,BSAI,2025,2023,SSC Dec 2023.pdf,10,45182,37560,metric tons,"Table 1. SSC recommended OFL, ABC for Groundfish in the Bering Sea/Aleutian Islands (metric tons) for",pdfs/SSC%20Dec%202023.pdf#page=10
Other flatfish,BSAI,BSAI,2024,2023,SSC Dec 2023.pdf,10,22919,17189,metric tons,"Table 1. SSC recommended OFL, ABC for Groundfish in the Bering Sea/Aleutian Islands (metric tons) for",pdfs/SSC%20Dec%202023.pdf#page=10
Other flatfish,BSAI,BSAI,2025,2023,SSC Dec 2023.pdf,10,22919,17189,metric tons,"Table 1. SSC recommended OFL, ABC for Groundfish in the Bering Sea/Aleutian Islands (metric tons) for",pdfs/SSC%20Dec%202023.pdf#page=10
Other flatfish,BSAI,BSAI,2024,2023,SSC Dec 2023.pdf,10,49010,41096,metric tons,"Table 1. SSC recommended OFL, ABC for Groundfish in the Bering Sea/Aleutian Islands (metric tons) for",pdfs/SSC%20Dec%202023.pdf#page=10
Other flatfish,BSAI,BSAI,2025,2023,SSC Dec 2023.pdf,10,48139,40366,metric tons,"Table 1. SSC recommended OFL, ABC for Groundfish in the Bering Sea/Aleutian Islands (metric tons) for",pdfs/SSC%20Dec%202023.pdf#page=10
Other flatfish,BSAI,BS,2024,2023,SSC Dec 2023.pdf,10,11903,10196,metric tons,"Table 1. SSC recommended OFL, ABC for Groundfish in the Bering Sea/Aleutian Islands (metric tons) for",pdfs/SSC%20Dec%202023.pdf#page=10
Other flatfish,BSAI,BS,2025,2023,SSC Dec 2023.pdf,10,11636,11430,metric tons,"Table 1. SSC recommended OFL, ABC for Groundfish in the Bering Sea/Aleutian Islands (metric tons) for",pdfs/SSC%20Dec%202023.pdf#page=10
Pacific ocean perch,BSAI,EAI,2024,2023,SSC Dec 2023.pdf,10,8152,7255,metric tons,"Table 1. SSC recommended OFL, ABC for Groundfish in the Bering Sea/Aleutian Islands (metric tons) for",pdfs/SSC%20Dec%202023.pdf#page=10
Pacific ocean perch,BSAI,EAI,2025,2023,SSC Dec 2023.pdf,10,7969,7828,metric tons,"Table 1. SSC recommended OFL, ABC for Groundfish in the Bering Sea/Aleutian Islands (metric tons) for",pdfs/SSC%20Dec%202023.pdf#page=10
Pacific ocean perch,BSAI,CAI,2024,2023,SSC Dec 2023.pdf,10,5648,5461,metric tons,"Table 1. SSC recommended OFL, ABC for Groundfish in the Bering Sea/Aleutian Islands (metric tons) for",pdfs/SSC%20Dec%202023.pdf#page=10
Pacific ocean perch,BSAI,CAI,2025,2023,SSC Dec 2023.pdf,10,5521,5423,metric tons,"Table 1. SSC recommended OFL, ABC for Groundfish in the Bering Sea/Aleutian Islands (metric tons) for",pdfs/SSC%20Dec%202023.pdf#page=10
Pacific ocean perch,BSAI,WAI,2024,2023,SSC Dec 2023.pdf,10,12000,11807,metric tons,"Table 1. SSC recommended OFL, ABC for Groundfish in the Bering Sea/Aleutian Islands (metric tons) for",pdfs/SSC%20Dec%202023.pdf#page=10
Pacific ocean perch,BSAI,WAI,2025,2023,SSC Dec 2023.pdf,10,15970,15685,metric tons,"Table 1. SSC recommended OFL, ABC for Groundfish in the Bering Sea/Aleutian Islands (metric tons) for",pdfs/SSC%20Dec%202023.pdf#page=10
Northern rockfish,BSAI,BSAI,2024,2023,SSC Dec 2023.pdf,10,23556,19274,metric tons,"Table 1. SSC recommended OFL, ABC for Groundfish in the Bering Sea/Aleutian Islands (metric tons) for",pdfs/SSC%20Dec%202023.pdf#page=10
Northern rockfish,BSAI,BSAI,2025,2023,SSC Dec 2023.pdf,10,22838,18685,metric tons,"Table 1. SSC recommended OFL, ABC for Groundfish in the Bering Sea/Aleutian Islands (metric tons) for",pdfs/SSC%20Dec%202023.pdf#page=10
Northern rockfish,BSAI,BSAI,2024,2023,SSC Dec 2023.pdf,10,761,569,metric tons,"Table 1. SSC recommended OFL, ABC for Groundfish in the Bering Sea/Aleutian Islands (metric tons) for",pdfs/SSC%20Dec%202023.pdf#page=10
Northern rockfish,BSAI,BSAI,2025,2023,SSC Dec 2023.pdf,10,813,607,metric tons,"Table 1. SSC recommended OFL, ABC for Groundfish in the Bering Sea/Aleutian Islands (metric tons) for",pdfs/SSC%20Dec%202023.pdf#page=10
Blackspotted/Rougheye rockfish,BSAI,EBS/EAI,2024,2023,SSC Dec 2023.pdf,10,359,207,metric tons,"Table 1. SSC recommended OFL, ABC for Groundfish in the Bering Sea/Aleutian Islands (metric tons) for",pdfs/SSC%20Dec%202023.pdf#page=10
Blackspotted/Rougheye rockfish,BSAI,EBS/EAI,2025,2023,SSC Dec 2023.pdf,10,388,412,metric tons,"Table 1. SSC recommended OFL, ABC for Groundfish in the Bering Sea/Aleutian Islands (metric tons) for",pdfs/SSC%20Dec%202023.pdf#page=10
Blackspotted/Rougheye rockfish Rockfish,BSAI,CAI/WAI,2024,2023,SSC Dec 2023.pdf,10,166,316,metric tons,"Table 1. SSC recommended OFL, ABC for Groundfish in the Bering Sea/Aleutian Islands (metric tons) for",pdfs/SSC%20Dec%202023.pdf#page=10
Blackspotted/Rougheye rockfish Rockfish,BSAI,CAI/WAI,2025,2023,SSC Dec 2023.pdf,10,181,195,metric tons,"Table 1. SSC recommended OFL, ABC for Groundfish in the Bering Sea/Aleutian Islands (metric tons) for",pdfs/SSC%20Dec%202023.pdf#page=10
Shortraker rockfish,BSAI,BSAI,2024,2023,SSC Dec 2023.pdf,10,706,530,metric tons,"Table 1. SSC recommended OFL, ABC for Groundfish in the Bering Sea/Aleutian Islands (metric tons) for",pdfs/SSC%20Dec%202023.pdf#page=10
Shortraker rockfish,BSAI,BSAI,2025,2023,SSC Dec 2023.pdf,10,706,530,metric tons,"Table 1. SSC recommended OFL, ABC for Groundfish in the Bering Sea/Aleutian Islands (metric tons) for",pdfs/SSC%20Dec%202023.pdf#page=10
Shortraker rockfish,BSAI,BSAI,2024,2023,SSC Dec 2023.pdf,10,1680,1260,metric tons,"Table 1. SSC recommended OFL, ABC for Groundfish in the Bering Sea/Aleutian Islands (metric tons) for",pdfs/SSC%20Dec%202023.pdf#page=10
Shortraker rockfish,BSAI,BSAI,2025,2023,SSC Dec 2023.pdf,10,1680,1260,metric tons,"Table 1. SSC recommended OFL, ABC for Groundfish in the Bering Sea/Aleutian Islands (metric tons) for",pdfs/SSC%20Dec%202023.pdf#page=10
Other rockfish,BSAI,BS,2024,2023,SSC Dec 2023.pdf,10,880,618,metric tons,"Table 1. SSC recommended OFL, ABC for Groundfish in the Bering Sea/Aleutian Islands (metric tons) for",pdfs/SSC%20Dec%202023.pdf#page=10
Other rockfish,BSAI,BS,2025,2023,SSC Dec 2023.pdf,10,880,880,metric tons,"Table 1. SSC recommended OFL, ABC for Groundfish in the Bering Sea/Aleutian Islands (metric tons) for",pdfs/SSC%20Dec%202023.pdf#page=10
Other rockfish,BSAI,AI,2024,2023,SSC Dec 2023.pdf,10,380,560,metric tons,"Table 1. SSC recommended OFL, ABC for Groundfish in the Bering Sea/Aleutian Islands (metric tons) for",pdfs/SSC%20Dec%202023.pdf#page=10
Other rockfish,BSAI,AI,2025,2023,SSC Dec 2023.pdf,10,380,380,metric tons,"Table 1. SSC recommended OFL, ABC for Groundfish in the Bering Sea/Aleutian Islands (metric tons) for",pdfs/SSC%20Dec%202023.pdf#page=10
Other rockfish,BSAI,BSAI,2024,2023,SSC Dec 2023.pdf,10,111684,95358,metric tons,"Table 1. SSC recommended OFL, ABC for Groundfish in the Bering Sea/Aleutian Islands (metric tons) for",pdfs/SSC%20Dec%202023.pdf#page=10
Other rockfish,BSAI,BSAI,2025,2023,SSC Dec 2023.pdf,10,99723,84676,metric tons,"Table 1. SSC recommended OFL, ABC for Groundfish in the Bering Sea/Aleutian Islands (metric tons) for",pdfs/SSC%20Dec%202023.pdf#page=10
Other rockfish,BSAI,EAI/BS,2024,2023,SSC Dec 2023.pdf,10,27260,23776,metric tons,"Table 1. SSC recommended OFL, ABC for Groundfish in the Bering Sea/Aleutian Islands (metric tons) for",pdfs/SSC%20Dec%202023.pdf#page=10
Other rockfish,BSAI,EAI/BS,2025,2023,SSC Dec 2023.pdf,10,41723,37049,metric tons,"Table 1. SSC recommended OFL, ABC for Groundfish in the Bering Sea/Aleutian Islands (metric tons) for",pdfs/SSC%20Dec%202023.pdf#page=10
Atka mackerel,BSAI,CAI,2024,2023,SSC Dec 2023.pdf,10,17351,17210,metric tons,"Table 1. SSC recommended OFL, ABC for Groundfish in the Bering Sea/Aleutian Islands (metric tons) for",pdfs/SSC%20Dec%202023.pdf#page=10
Atka mackerel,BSAI,CAI,2025,2023,SSC Dec 2023.pdf,10,16754,14877,metric tons,"Table 1. SSC recommended OFL, ABC for Groundfish in the Bering Sea/Aleutian Islands (metric tons) for",pdfs/SSC%20Dec%202023.pdf#page=10
Atka mackerel,BSAI,WAI,2024,2023,SSC Dec 2023.pdf,10,24671,24541,metric tons,"Table 1. SSC recommended OFL, ABC for Groundfish in the Bering Sea/Aleutian Islands (metric tons) for",pdfs/SSC%20Dec%202023.pdf#page=10
Atka mackerel,BSAI,WAI,2025,2023,SSC Dec 2023.pdf,10,36882,32750,metric tons,"Table 1. SSC recommended OFL, ABC for Groundfish in the Bering Sea/Aleutian Islands (metric tons) for",pdfs/SSC%20Dec%202023.pdf#page=10
Skates,BSAI,BSAI,2024,2023,SSC Dec 2023.pdf,10,45574,37808,metric tons,"Table 1. SSC recommended OFL, ABC for Groundfish in the Bering Sea/Aleutian Islands (metric tons) for",pdfs/SSC%20Dec%202023.pdf#page=10
Skates,BSAI,BSAI,2025,2023,SSC Dec 2023.pdf,10,44203,36625,metric tons,"Table 1. SSC recommended OFL, ABC for Groundfish in the Bering Sea/Aleutian Islands (metric tons) for",pdfs/SSC%20Dec%202023.pdf#page=10
Sharks,BSAI,BSAI,2024,2023,SSC Dec 2023.pdf,10,689,450,metric tons,"Table 1. SSC recommended OFL, ABC for Groundfish in the Bering Sea/Aleutian Islands (metric tons) for",pdfs/SSC%20Dec%202023.pdf#page=10
Sharks,BSAI,BSAI,2025,2023,SSC Dec 2023.pdf,10,689,450,metric tons,"Table 1. SSC recommended OFL, ABC for Groundfish in the Bering Sea/Aleutian Islands (metric tons) for",pdfs/SSC%20Dec%202023.pdf#page=10
Octopuses,BSAI,BSAI,2024,2023,SSC Dec 2023.pdf,10,6080,4560,metric tons,"Table 1. SSC recommended OFL, ABC for Groundfish in the Bering Sea/Aleutian Islands (metric tons) for",pdfs/SSC%20Dec%202023.pdf#page=10
Octopuses,BSAI,BSAI,2025,2023,SSC Dec 2023.pdf,10,6080,4560,metric tons,"Table 1. SSC recommended OFL, ABC for Groundfish in the Bering Sea/Aleutian Islands (metric tons) for",pdfs/SSC%20Dec%202023.pdf#page=10
Pollock,GOA,WYAK,2024,2023,SSC Dec 2023.pdf,11,,4601,metric tons,Table 2. SSC recommended OFLs and ABCs for Groundfish in the Gulf of Alaska (metric tons) for 2024,pdfs/SSC%20Dec%202023.pdf#page=11
Pollock,GOA,Subtotal,2024,2023,SSC Dec 2023.pdf,11,182891,157687,metric tons,Table 2. SSC recommended OFLs and ABCs for Groundfish in the Gulf of Alaska (metric tons) for 2024,pdfs/SSC%20Dec%202023.pdf#page=11
Pollock,GOA,EYAK/SEO,2024,2023,SSC Dec 2023.pdf,11,12998,9749,metric tons,Table 2. SSC recommended OFLs and ABCs for Groundfish in the Gulf of Alaska (metric tons) for 2024,pdfs/SSC%20Dec%202023.pdf#page=11
Pollock,GOA,Total,2024,2023,SSC Dec 2023.pdf,11,195889,167436,metric tons,Table 2. SSC recommended OFLs and ABCs for Groundfish in the Gulf of Alaska (metric tons) for 2024,pdfs/SSC%20Dec%202023.pdf#page=11
Pollock,GOA,W,2024,2023,SSC Dec 2023.pdf,11,,7638,metric tons,Table 2. SSC recommended OFLs and ABCs for Groundfish in the Gulf of Alaska (metric tons) for 2024,pdfs/SSC%20Dec%202023.pdf#page=11
Pollock,GOA,C,2024,2023,SSC Dec 2023.pdf,11,,17981,metric tons,Table 2. SSC recommended OFLs and ABCs for Groundfish in the Gulf of Alaska (metric tons) for 2024,pdfs/SSC%20Dec%202023.pdf#page=11
Pacific cod,GOA,E,2024,2023,SSC Dec 2023.pdf,11,,2565,metric tons,Table 2. SSC recommended OFLs and ABCs for Groundfish in the Gulf of Alaska (metric tons) for 2024,pdfs/SSC%20Dec%202023.pdf#page=11
Pacific cod,GOA,Total,2024,2023,SSC Dec 2023.pdf,11,33970,28184,metric tons,Table 2. SSC recommended OFLs and ABCs for Groundfish in the Gulf of Alaska (metric tons) for 2024,pdfs/SSC%20Dec%202023.pdf#page=11
Pacific cod,GOA,W,2024,2023,SSC Dec 2023.pdf,11,,4719,metric tons,Table 2. SSC recommended OFLs and ABCs for Groundfish in the Gulf of Alaska (metric tons) for 2024,pdfs/SSC%20Dec%202023.pdf#page=11
Pacific cod,GOA,C,2024,2023,SSC Dec 2023.pdf,11,,9693,metric tons,Table 2. SSC recommended OFLs and ABCs for Groundfish in the Gulf of Alaska (metric tons) for 2024,pdfs/SSC%20Dec%202023.pdf#page=11
Sablefish,GOA,WYAK,2024,2023,SSC Dec 2023.pdf,11,,2940,metric tons,Table 2. SSC recommended OFLs and ABCs for Groundfish in the Gulf of Alaska (metric tons) for 2024,pdfs/SSC%20Dec%202023.pdf#page=11
Sablefish,GOA,SEO,2024,2023,SSC Dec 2023.pdf,11,,5343,metric tons,Table 2. SSC recommended OFLs and ABCs for Groundfish in the Gulf of Alaska (metric tons) for 2024,pdfs/SSC%20Dec%202023.pdf#page=11
Sablefish,GOA,GOA Total,2024,2023,SSC Dec 2023.pdf,11,,,metric tons,Table 2. SSC recommended OFLs and ABCs for Groundfish in the Gulf of Alaska (metric tons) for 2024,pdfs/SSC%20Dec%202023.pdf#page=11
Alaska-wide OFL and ABC,GOA,AK Total,2024,2023,SSC Dec 2023.pdf,11,55317,47350,metric tons,Table 2. SSC recommended OFLs and ABCs for Groundfish in the Gulf of Alaska (metric tons) for 2024,pdfs/SSC%20Dec%202023.pdf#page=11
Alaska-wide OFL and ABC,GOA,W,2024,2023,SSC Dec 2023.pdf,11,,23782,metric tons,Table 2. SSC recommended OFLs and ABCs for Groundfish in the Gulf of Alaska (metric tons) for 2024,pdfs/SSC%20Dec%202023.pdf#page=11
Alaska-wide OFL and ABC,GOA,C,2024,2023,SSC Dec 2023.pdf,11,,28311,metric tons,Table 2. SSC recommended OFLs and ABCs for Groundfish in the Gulf of Alaska (metric tons) for 2024,pdfs/SSC%20Dec%202023.pdf#page=11
Shallow-water flatfish,GOA,WYAK,2024,2023,SSC Dec 2023.pdf,11,,2831,metric tons,Table 2. SSC recommended OFLs and ABCs for Groundfish in the Gulf of Alaska (metric tons) for 2024,pdfs/SSC%20Dec%202023.pdf#page=11
Shallow-water flatfish,GOA,EYAK/SEO,2024,2023,SSC Dec 2023.pdf,11,,1699,metric tons,Table 2. SSC recommended OFLs and ABCs for Groundfish in the Gulf of Alaska (metric tons) for 2024,pdfs/SSC%20Dec%202023.pdf#page=11
Shallow-water flatfish,GOA,Total,2024,2023,SSC Dec 2023.pdf,11,69354,56623,metric tons,Table 2. SSC recommended OFLs and ABCs for Groundfish in the Gulf of Alaska (metric tons) for 2024,pdfs/SSC%20Dec%202023.pdf#page=11
Shallow-water flatfish,GOA,W,2024,2023,SSC Dec 2023.pdf,11,,234,metric tons,Table 2. SSC recommended OFLs and ABCs for Groundfish in the Gulf of Alaska (metric tons) for 2024,pdfs/SSC%20Dec%202023.pdf#page=11
Shallow-water flatfish,GOA,C,2024,2023,SSC Dec 2023.pdf,11,,2614,metric tons,Table 2. SSC recommended OFLs and ABCs for Groundfish in the Gulf of Alaska (metric tons) for 2024,pdfs/SSC%20Dec%202023.pdf#page=11
Deep-water flatfish,GOA,WYAK,2024,2023,SSC Dec 2023.pdf,11,,1827,metric tons,Table 2. SSC recommended OFLs and ABCs for Groundfish in the Gulf of Alaska (metric tons) for 2024,pdfs/SSC%20Dec%202023.pdf#page=11
Deep-water flatfish,GOA,EYAK/SEO,2024,2023,SSC Dec 2023.pdf,11,,2278,metric tons,Table 2. SSC recommended OFLs and ABCs for Groundfish in the Gulf of Alaska (metric tons) for 2024,pdfs/SSC%20Dec%202023.pdf#page=11
Deep-water flatfish,GOA,Total,2024,2023,SSC Dec 2023.pdf,11,8257,6953,metric tons,Table 2. SSC recommended OFLs and ABCs for Groundfish in the Gulf of Alaska (metric tons) for 2024,pdfs/SSC%20Dec%202023.pdf#page=11
Deep-water flatfish,GOA,W,2024,2023,SSC Dec 2023.pdf,11,,3363,metric tons,Table 2. SSC recommended OFLs and ABCs for Groundfish in the Gulf of Alaska (metric tons) for 2024,pdfs/SSC%20Dec%202023.pdf#page=11
Deep-water flatfish,GOA,C,2024,2023,SSC Dec 2023.pdf,11,,13624,metric tons,Table 2. SSC recommended OFLs and ABCs for Groundfish in the Gulf of Alaska (metric tons) for 2024,pdfs/SSC%20Dec%202023.pdf#page=11
Rex sole,GOA,WYAK,2024,2023,SSC Dec 2023.pdf,11,,1439,metric tons,Table 2. SSC recommended OFLs and ABCs for Groundfish in the Gulf of Alaska (metric tons) for 2024,pdfs/SSC%20Dec%202023.pdf#page=11
Rex sole,GOA,EYAK/SEO,2024,2023,SSC Dec 2023.pdf,11,,2877,metric tons,Table 2. SSC recommended OFLs and ABCs for Groundfish in the Gulf of Alaska (metric tons) for 2024,pdfs/SSC%20Dec%202023.pdf#page=11
Rex sole,GOA,Total,2024,2023,SSC Dec 2023.pdf,11,25900,21303,metric tons,Table 2. SSC recommended OFLs and ABCs for Groundfish in the Gulf of Alaska (metric tons) for 2024,pdfs/SSC%20Dec%202023.pdf#page=11
Rex sole,GOA,W,2024,2023,SSC Dec 2023.pdf,11,,30323,metric tons,Table 2. SSC recommended OFLs and ABCs for Groundfish in the Gulf of Alaska (metric tons) for 2024,pdfs/SSC%20Dec%202023.pdf#page=11
Rex sole,GOA,C,2024,2023,SSC Dec 2023.pdf,11,,64688,metric tons,Table 2. SSC recommended OFLs and ABCs for Groundfish in the Gulf of Alaska (metric tons) for 2024,pdfs/SSC%20Dec%202023.pdf#page=11
Arrowtooth flounder,GOA,WYAK,2024,2023,SSC Dec 2023.pdf,11,,7848,metric tons,Table 2. SSC recommended OFLs and ABCs for Groundfish in the Gulf of Alaska (metric tons) for 2024,pdfs/SSC%20Dec%202023.pdf#page=11
Arrowtooth flounder,GOA,EYAK/SEO,2024,2023,SSC Dec 2023.pdf,11,,16053,metric tons,Table 2. SSC recommended OFLs and ABCs for Groundfish in the Gulf of Alaska (metric tons) for 2024,pdfs/SSC%20Dec%202023.pdf#page=11
Arrowtooth flounder,GOA,Total,2024,2023,SSC Dec 2023.pdf,11,142074,118912,metric tons,Table 2. SSC recommended OFLs and ABCs for Groundfish in the Gulf of Alaska (metric tons) for 2024,pdfs/SSC%20Dec%202023.pdf#page=11
Arrowtooth flounder,GOA,W,2024,2023,SSC Dec 2023.pdf,11,,13521,metric tons,Table 2. SSC recommended OFLs and ABCs for Groundfish in the Gulf of Alaska (metric tons) for 2024,pdfs/SSC%20Dec%202023.pdf#page=11
Arrowtooth flounder,GOA,C,2024,2023,SSC Dec 2023.pdf,11,,21702,metric tons,Table 2. SSC recommended OFLs and ABCs for Groundfish in the Gulf of Alaska (metric tons) for 2024,pdfs/SSC%20Dec%202023.pdf#page=11
Flathead sole,GOA,WYAK,2024,2023,SSC Dec 2023.pdf,11,,3949,metric tons,Table 2. SSC recommended OFLs and ABCs for Groundfish in the Gulf of Alaska (metric tons) for 2024,pdfs/SSC%20Dec%202023.pdf#page=11
Flathead sole,GOA,EYAK/SEO,2024,2023,SSC Dec 2023.pdf,11,,2086,metric tons,Table 2. SSC recommended OFLs and ABCs for Groundfish in the Gulf of Alaska (metric tons) for 2024,pdfs/SSC%20Dec%202023.pdf#page=11
Flathead sole,GOA,Total,2024,2023,SSC Dec 2023.pdf,11,50322,41258,metric tons,Table 2. SSC recommended OFLs and ABCs for Groundfish in the Gulf of Alaska (metric tons) for 2024,pdfs/SSC%20Dec%202023.pdf#page=11
Flathead sole,GOA,W,2024,2023,SSC Dec 2023.pdf,11,,1726,metric tons,Table 2. SSC recommended OFLs and ABCs for Groundfish in the Gulf of Alaska (metric tons) for 2024,pdfs/SSC%20Dec%202023.pdf#page=11
Flathead sole,GOA,C,2024,2023,SSC Dec 2023.pdf,11,,27768,metric tons,Table 2. SSC recommended OFLs and ABCs for Groundfish in the Gulf of Alaska (metric tons) for 2024,pdfs/SSC%20Dec%202023.pdf#page=11
Flathead sole,GOA,WYAK,2024,2023,SSC Dec 2023.pdf,11,,2038,metric tons,Table 2. SSC recommended OFLs and ABCs for Groundfish in the Gulf of Alaska (metric tons) for 2024,pdfs/SSC%20Dec%202023.pdf#page=11
Pacific ocean perch,GOA,W/C/WYAK,2024,2023,SSC Dec 2023.pdf,11,,,metric tons,Table 2. SSC recommended OFLs and ABCs for Groundfish in the Gulf of Alaska (metric tons) for 2024,pdfs/SSC%20Dec%202023.pdf#page=11
Pacific ocean perch,GOA,SEO,2024,2023,SSC Dec 2023.pdf,11,,6822,metric tons,Table 2. SSC recommended OFLs and ABCs for Groundfish in the Gulf of Alaska (metric tons) for 2024,pdfs/SSC%20Dec%202023.pdf#page=11
Pacific ocean perch,GOA,Total,2024,2023,SSC Dec 2023.pdf,11,45835,38354,metric tons,Table 2. SSC recommended OFLs and ABCs for Groundfish in the Gulf of Alaska (metric tons) for 2024,pdfs/SSC%20Dec%202023.pdf#page=11
Pacific ocean perch,GOA,W,2024,2023,SSC Dec 2023.pdf,11,,2446,metric tons,Table 2. SSC recommended OFLs and ABCs for Groundfish in the Gulf of Alaska (metric tons) for 2024,pdfs/SSC%20Dec%202023.pdf#page=11
Pacific ocean perch,GOA,C,2024,2023,SSC Dec 2023.pdf,11,,2200,metric tons,Table 2. SSC recommended OFLs and ABCs for Groundfish in the Gulf of Alaska (metric tons) for 2024,pdfs/SSC%20Dec%202023.pdf#page=11
Northern rockfish,GOA,E,2024,2023,SSC Dec 2023.pdf,11,,0,metric tons,Table 2. SSC recommended OFLs and ABCs for Groundfish in the Gulf of Alaska (metric tons) for 2024,pdfs/SSC%20Dec%202023.pdf#page=11
Northern rockfish,GOA,Total,2024,2023,SSC Dec 2023.pdf,11,5548,4646,metric tons,Table 2. SSC recommended OFLs and ABCs for Groundfish in the Gulf of Alaska (metric tons) for 2024,pdfs/SSC%20Dec%202023.pdf#page=11
Northern rockfish,GOA,W,2024,2023,SSC Dec 2023.pdf,11,,34,metric tons,Table 2. SSC recommended OFLs and ABCs for Groundfish in the Gulf of Alaska (metric tons) for 2024,pdfs/SSC%20Dec%202023.pdf#page=11
Northern rockfish,GOA,C,2024,2023,SSC Dec 2023.pdf,11,,189,metric tons,Table 2. SSC recommended OFLs and ABCs for Groundfish in the Gulf of Alaska (metric tons) for 2024,pdfs/SSC%20Dec%202023.pdf#page=11
Shortraker rockfish,GOA,E,2024,2023,SSC Dec 2023.pdf,11,,424,metric tons,Table 2. SSC recommended OFLs and ABCs for Groundfish in the Gulf of Alaska (metric tons) for 2024,pdfs/SSC%20Dec%202023.pdf#page=11
Shortraker rockfish,GOA,Total,2024,2023,SSC Dec 2023.pdf,11,863,647,metric tons,Table 2. SSC recommended OFLs and ABCs for Groundfish in the Gulf of Alaska (metric tons) for 2024,pdfs/SSC%20Dec%202023.pdf#page=11
Shortraker rockfish,GOA,W,2024,2023,SSC Dec 2023.pdf,11,,137,metric tons,Table 2. SSC recommended OFLs and ABCs for Groundfish in the Gulf of Alaska (metric tons) for 2024,pdfs/SSC%20Dec%202023.pdf#page=11
Shortraker rockfish,GOA,C,2024,2023,SSC Dec 2023.pdf,11,,6979,metric tons,Table 2. SSC recommended OFLs and ABCs for Groundfish in the Gulf of Alaska (metric tons) for 2024,pdfs/SSC%20Dec%202023.pdf#page=11
Dusky rockfish,GOA,WYAK,2024,2023,SSC Dec 2023.pdf,11,,81,metric tons,Table 2. SSC recommended OFLs and ABCs for Groundfish in the Gulf of Alaska (metric tons) for 2024,pdfs/SSC%20Dec%202023.pdf#page=11
Dusky rockfish,GOA,EYAK/SEO,2024,2023,SSC Dec 2023.pdf,11,,28,metric tons,Table 2. SSC recommended OFLs and ABCs for Groundfish in the Gulf of Alaska (metric tons) for 2024,pdfs/SSC%20Dec%202023.pdf#page=11
Dusky rockfish,GOA,Total,2024,2023,SSC Dec 2023.pdf,11,8796,7225,metric tons,Table 2. SSC recommended OFLs and ABCs for Groundfish in the Gulf of Alaska (metric tons) for 2024,pdfs/SSC%20Dec%202023.pdf#page=11
Dusky rockfish,GOA,W,2024,2023,SSC Dec 2023.pdf,11,,197,metric tons,Table 2. SSC recommended OFLs and ABCs for Groundfish in the Gulf of Alaska (metric tons) for 2024,pdfs/SSC%20Dec%202023.pdf#page=11
Rougheye and Blackspotted,GOA,C,2024,2023,SSC Dec 2023.pdf,11,,315,metric tons,Table 2. SSC recommended OFLs and ABCs for Groundfish in the Gulf of Alaska (metric tons) for 2024,pdfs/SSC%20Dec%202023.pdf#page=11
Rockfish,GOA,E,2024,2023,SSC Dec 2023.pdf,11,,525,metric tons,Table 2. SSC recommended OFLs and ABCs for Groundfish in the Gulf of Alaska (metric tons) for 2024,pdfs/SSC%20Dec%202023.pdf#page=11
Rockfish,GOA,Total,2024,2023,SSC Dec 2023.pdf,11,1566,1037,metric tons,Table 2. SSC recommended OFLs and ABCs for Groundfish in the Gulf of Alaska (metric tons) for 2024,pdfs/SSC%20Dec%202023.pdf#page=11
Demersal shelf rockfish,GOA,Total,2024,2023,SSC Dec 2023.pdf,11,376,283,metric tons,Table 2. SSC recommended OFLs and ABCs for Groundfish in the Gulf of Alaska (metric tons) for 2024,pdfs/SSC%20Dec%202023.pdf#page=11
Demersal shelf rockfish,GOA,W,2024,2023,SSC Dec 2023.pdf,11,,314,metric tons,Table 2. SSC recommended OFLs and ABCs for Groundfish in the Gulf of Alaska (metric tons) for 2024,pdfs/SSC%20Dec%202023.pdf#page=11
Demersal shelf rockfish,GOA,C,2024,2023,SSC Dec 2023.pdf,11,,693,metric tons,Table 2. SSC recommended OFLs and ABCs for Groundfish in the Gulf of Alaska (metric tons) for 2024,pdfs/SSC%20Dec%202023.pdf#page=11
Thornyhead rockfish,GOA,E,2024,2023,SSC Dec 2023.pdf,11,,621,metric tons,Table 2. SSC recommended OFLs and ABCs for Groundfish in the Gulf of Alaska (metric tons) for 2024,pdfs/SSC%20Dec%202023.pdf#page=11
Thornyhead rockfish,GOA,Total,2024,2023,SSC Dec 2023.pdf,11,2170,1628,metric tons,Table 2. SSC recommended OFLs and ABCs for Groundfish in the Gulf of Alaska (metric tons) for 2024,pdfs/SSC%20Dec%202023.pdf#page=11
W/C (+ WYAK for 2024 and 2025 only),GOA,EYAK/SEO,2024,2023,SSC Dec 2023.pdf,11,,2421,metric tons,Table 2. SSC recommended OFLs and ABCs for Groundfish in the Gulf of Alaska (metric tons) for 2024,pdfs/SSC%20Dec%202023.pdf#page=11
W/C (+ WYAK for 2024 and 2025 only),GOA,Total,2024,2023,SSC Dec 2023.pdf,11,4977,3774,metric tons,Table 2. SSC recommended OFLs and ABCs for Groundfish in the Gulf of Alaska (metric tons) for 2024,pdfs/SSC%20Dec%202023.pdf#page=11
Atka mackerel,GOA,Total,2024,2023,SSC Dec 2023.pdf,11,6200,4700,metric tons,Table 2. SSC recommended OFLs and ABCs for Groundfish in the Gulf of Alaska (metric tons) for 2024,pdfs/SSC%20Dec%202023.pdf#page=11
Big Skate,GOA,E,2024,2023,SSC Dec 2023.pdf,12,,341,metric tons,Table 2. Cont. SSC recommended OFLs and ABCs for Groundfish in the Gulf of Alaska (metric tons) for,pdfs/SSC%20Dec%202023.pdf#page=12
Big Skate,GOA,E,2025,2023,SSC Dec 2023.pdf,12,,341,metric tons,Table 2. Cont. SSC recommended OFLs and ABCs for Groundfish in the Gulf of Alaska (metric tons) for,pdfs/SSC%20Dec%202023.pdf#page=12
Big Skate,GOA,Total,2024,2023,SSC Dec 2023.pdf,12,3780,2835,metric tons,Table 2. Cont. SSC recommended OFLs and ABCs for Groundfish in the Gulf of Alaska (metric tons) for,pdfs/SSC%20Dec%202023.pdf#page=12
Big Skate,GOA,Total,2025,2023,SSC Dec 2023.pdf,12,3780,2835,metric tons,Table 2. Cont. SSC recommended OFLs and ABCs for Groundfish in the Gulf of Alaska (metric tons) for,pdfs/SSC%20Dec%202023.pdf#page=12
Big Skate,GOA,W,2024,2023,SSC Dec 2023.pdf,12,,104,metric tons,Table 2. Cont. SSC recommended OFLs and ABCs for Groundfish in the Gulf of Alaska (metric tons) for,pdfs/SSC%20Dec%202023.pdf#page=12
Big Skate,GOA,W,2025,2023,SSC Dec 2023.pdf,12,,104,metric tons,Table 2. Cont. SSC recommended OFLs and ABCs for Groundfish in the Gulf of Alaska (metric tons) for,pdfs/SSC%20Dec%202023.pdf#page=12
Big Skate,GOA,C,2024,2023,SSC Dec 2023.pdf,12,,1894,metric tons,Table 2. Cont. SSC recommended OFLs and ABCs for Groundfish in the Gulf of Alaska (metric tons) for,pdfs/SSC%20Dec%202023.pdf#page=12
Big Skate,GOA,C,2025,2023,SSC Dec 2023.pdf,12,,1894,metric tons,Table 2. Cont. SSC recommended OFLs and ABCs for Groundfish in the Gulf of Alaska (metric tons) for,pdfs/SSC%20Dec%202023.pdf#page=12
Longnose Skate,GOA,E,2024,2023,SSC Dec 2023.pdf,12,,538,metric tons,Table 2. Cont. SSC recommended OFLs and ABCs for Groundfish in the Gulf of Alaska (metric tons) for,pdfs/SSC%20Dec%202023.pdf#page=12
Longnose Skate,GOA,E,2025,2023,SSC Dec 2023.pdf,12,,538,metric tons,Table 2. Cont. SSC recommended OFLs and ABCs for Groundfish in the Gulf of Alaska (metric tons) for,pdfs/SSC%20Dec%202023.pdf#page=12
Longnose Skate,GOA,Total,2024,2023,SSC Dec 2023.pdf,12,3380,2536,metric tons,Table 2. Cont. SSC recommended OFLs and ABCs for Groundfish in the Gulf of Alaska (metric tons) for,pdfs/SSC%20Dec%202023.pdf#page=12
Longnose Skate,GOA,Total,2025,2023,SSC Dec 2023.pdf,12,3380,2536,metric tons,Table 2. Cont. SSC recommended OFLs and ABCs for Groundfish in the Gulf of Alaska (metric tons) for,pdfs/SSC%20Dec%202023.pdf#page=12
Pollock,BSAI,AI,2025,2024,SSC Dec 2024.pdf,7,55728,46051,metric tons,Table 1. SSC recommended proposed OFL and ABC for Groundfish in the Bering Sea and Aleutian Islands,pdfs/SSC%20Dec%202024.pdf#page=7
Pollock,BSAI,AI,2026,2024,SSC Dec 2024.pdf,7,56231,46437,metric tons,Table 1. SSC recommended proposed OFL and ABC for Groundfish in the Bering Sea and Aleutian Islands,pdfs/SSC%20Dec%202024.pdf#page=7
Pollock,BSAI,Bogoslof,2025,2024,SSC Dec 2024.pdf,7,77354,58015,metric tons,Table 1. SSC recommended proposed OFL and ABC for Groundfish in the Bering Sea and Aleutian Islands,pdfs/SSC%20Dec%202024.pdf#page=7
Pollock,BSAI,Bogoslof,2026,2024,SSC Dec 2024.pdf,7,77354,58015,metric tons,Table 1. SSC recommended proposed OFL and ABC for Groundfish in the Bering Sea and Aleutian Islands,pdfs/SSC%20Dec%202024.pdf#page=7
Pollock,BSAI,BS,2025,2024,SSC Dec 2024.pdf,7,183509,153617,metric tons,Table 1. SSC recommended proposed OFL and ABC for Groundfish in the Bering Sea and Aleutian Islands,pdfs/SSC%20Dec%202024.pdf#page=7
Pollock,BSAI,BS,2026,2024,SSC Dec 2024.pdf,7,169243,141520,metric tons,Table 1. SSC recommended proposed OFL and ABC for Groundfish in the Bering Sea and Aleutian Islands,pdfs/SSC%20Dec%202024.pdf#page=7
Pacific cod,BSAI,AI,2025,2024,SSC Dec 2024.pdf,7,16782,13376,metric tons,Table 1. SSC recommended proposed OFL and ABC for Groundfish in the Bering Sea and Aleutian Islands,pdfs/SSC%20Dec%202024.pdf#page=7
Pacific cod,BSAI,AI,2026,2024,SSC Dec 2024.pdf,7,16273,12973,metric tons,Table 1. SSC recommended proposed OFL and ABC for Groundfish in the Bering Sea and Aleutian Islands,pdfs/SSC%20Dec%202024.pdf#page=7
Pacific cod,BSAI,BSAI/GOA,2025,2024,SSC Dec 2024.pdf,7,58532,47605,metric tons,Table 1. SSC recommended proposed OFL and ABC for Groundfish in the Bering Sea and Aleutian Islands,pdfs/SSC%20Dec%202024.pdf#page=7
Pacific cod,BSAI,BSAI/GOA,2026,2024,SSC Dec 2024.pdf,7,57797,47008,metric tons,Table 1. SSC recommended proposed OFL and ABC for Groundfish in the Bering Sea and Aleutian Islands,pdfs/SSC%20Dec%202024.pdf#page=7
Pacific cod,BSAI,BS,2025,2024,SSC Dec 2024.pdf,7,,13203,metric tons,Table 1. SSC recommended proposed OFL and ABC for Groundfish in the Bering Sea and Aleutian Islands,pdfs/SSC%20Dec%202024.pdf#page=7
Pacific cod,BSAI,BS,2026,2024,SSC Dec 2024.pdf,7,,13037,metric tons,Table 1. SSC recommended proposed OFL and ABC for Groundfish in the Bering Sea and Aleutian Islands,pdfs/SSC%20Dec%202024.pdf#page=7
Sablefish,BSAI,AI,2025,2024,SSC Dec 2024.pdf,7,,11566,metric tons,Table 1. SSC recommended proposed OFL and ABC for Groundfish in the Bering Sea and Aleutian Islands,pdfs/SSC%20Dec%202024.pdf#page=7
Sablefish,BSAI,AI,2026,2024,SSC Dec 2024.pdf,7,,11421,metric tons,Table 1. SSC recommended proposed OFL and ABC for Groundfish in the Bering Sea and Aleutian Islands,pdfs/SSC%20Dec%202024.pdf#page=7
Yellowfin sole,BSAI,BSAI,2025,2024,SSC Dec 2024.pdf,7,299247,262557,metric tons,Table 1. SSC recommended proposed OFL and ABC for Groundfish in the Bering Sea and Aleutian Islands,pdfs/SSC%20Dec%202024.pdf#page=7
Yellowfin sole,BSAI,BSAI,2026,2024,SSC Dec 2024.pdf,7,305039,267639,metric tons,Table 1. SSC recommended proposed OFL and ABC for Groundfish in the Bering Sea and Aleutian Islands,pdfs/SSC%20Dec%202024.pdf#page=7
Yellowfin sole,BSAI,BSAI,2025,2024,SSC Dec 2024.pdf,7,2598,1678,metric tons,Table 1. SSC recommended proposed OFL and ABC for Groundfish in the Bering Sea and Aleutian Islands,pdfs/SSC%20Dec%202024.pdf#page=7
Yellowfin sole,BSAI,BSAI,2026,2024,SSC Dec 2024.pdf,7,2059,1328,metric tons,Table 1. SSC recommended proposed OFL and ABC for Groundfish in the Bering Sea and Aleutian Islands,pdfs/SSC%20Dec%202024.pdf#page=7
Greenland turbot,BSAI,BS,2025,2024,SSC Dec 2024.pdf,7,,1415,metric tons,Table 1. SSC recommended proposed OFL and ABC for Groundfish in the Bering Sea and Aleutian Islands,pdfs/SSC%20Dec%202024.pdf#page=7
Greenland turbot,BSAI,BS,2026,2024,SSC Dec 2024.pdf,7,,1120,metric tons,Table 1. SSC recommended proposed OFL and ABC for Groundfish in the Bering Sea and Aleutian Islands,pdfs/SSC%20Dec%202024.pdf#page=7
Greenland turbot,BSAI,AI,2025,2024,SSC Dec 2024.pdf,7,,263,metric tons,Table 1. SSC recommended proposed OFL and ABC for Groundfish in the Bering Sea and Aleutian Islands,pdfs/SSC%20Dec%202024.pdf#page=7
Greenland turbot,BSAI,AI,2026,2024,SSC Dec 2024.pdf,7,,208,metric tons,Table 1. SSC recommended proposed OFL and ABC for Groundfish in the Bering Sea and Aleutian Islands,pdfs/SSC%20Dec%202024.pdf#page=7
Arrowtooth flounder,BSAI,BSAI,2025,2024,SSC Dec 2024.pdf,7,104428,88683,metric tons,Table 1. SSC recommended proposed OFL and ABC for Groundfish in the Bering Sea and Aleutian Islands,pdfs/SSC%20Dec%202024.pdf#page=7
Arrowtooth flounder,BSAI,BSAI,2026,2024,SSC Dec 2024.pdf,7,102472,87035,metric tons,Table 1. SSC recommended proposed OFL and ABC for Groundfish in the Bering Sea and Aleutian Islands,pdfs/SSC%20Dec%202024.pdf#page=7
Kamchatka flounder,BSAI,BSAI,2025,2024,SSC Dec 2024.pdf,7,8019,6800,metric tons,Table 1. SSC recommended proposed OFL and ABC for Groundfish in the Bering Sea and Aleutian Islands,pdfs/SSC%20Dec%202024.pdf#page=7
Kamchatka flounder,BSAI,BSAI,2026,2024,SSC Dec 2024.pdf,7,7790,6606,metric tons,Table 1. SSC recommended proposed OFL and ABC for Groundfish in the Bering Sea and Aleutian Islands,pdfs/SSC%20Dec%202024.pdf#page=7
Northern rock sole,BSAI,BSAI,2025,2024,SSC Dec 2024.pdf,7,165444,157487,metric tons,Table 1. SSC recommended proposed OFL and ABC for Groundfish in the Bering Sea and Aleutian Islands,pdfs/SSC%20Dec%202024.pdf#page=7
Northern rock sole,BSAI,BSAI,2026,2024,SSC Dec 2024.pdf,7,166220,158225,metric tons,Table 1. SSC recommended proposed OFL and ABC for Groundfish in the Bering Sea and Aleutian Islands,pdfs/SSC%20Dec%202024.pdf#page=7
Flathead sole,BSAI,BSAI,2025,2024,SSC Dec 2024.pdf,7,101621,83807,metric tons,Table 1. SSC recommended proposed OFL and ABC for Groundfish in the Bering Sea and Aleutian Islands,pdfs/SSC%20Dec%202024.pdf#page=7
Flathead sole,BSAI,BSAI,2026,2024,SSC Dec 2024.pdf,7,106283,87700,metric tons,Table 1. SSC recommended proposed OFL and ABC for Groundfish in the Bering Sea and Aleutian Islands,pdfs/SSC%20Dec%202024.pdf#page=7
Alaska plaice,BSAI,BSAI,2025,2024,SSC Dec 2024.pdf,7,34576,28745,metric tons,Table 1. SSC recommended proposed OFL and ABC for Groundfish in the Bering Sea and Aleutian Islands,pdfs/SSC%20Dec%202024.pdf#page=7
Alaska plaice,BSAI,BSAI,2026,2024,SSC Dec 2024.pdf,7,33965,28230,metric tons,Table 1. SSC recommended proposed OFL and ABC for Groundfish in the Bering Sea and Aleutian Islands,pdfs/SSC%20Dec%202024.pdf#page=7
Other flatfish,BSAI,BSAI,2025,2024,SSC Dec 2024.pdf,7,26083,19562,metric tons,Table 1. SSC recommended proposed OFL and ABC for Groundfish in the Bering Sea and Aleutian Islands,pdfs/SSC%20Dec%202024.pdf#page=7
Other flatfish,BSAI,BSAI,2026,2024,SSC Dec 2024.pdf,7,26083,19562,metric tons,Table 1. SSC recommended proposed OFL and ABC for Groundfish in the Bering Sea and Aleutian Islands,pdfs/SSC%20Dec%202024.pdf#page=7
Other flatfish,BSAI,BSAI,2025,2024,SSC Dec 2024.pdf,7,44594,37375,metric tons,Table 1. SSC recommended proposed OFL and ABC for Groundfish in the Bering Sea and Aleutian Islands,pdfs/SSC%20Dec%202024.pdf#page=7
Other flatfish,BSAI,BSAI,2026,2024,SSC Dec 2024.pdf,7,43084,36578,metric tons,Table 1. SSC recommended proposed OFL and ABC for Groundfish in the Bering Sea and Aleutian Islands,pdfs/SSC%20Dec%202024.pdf#page=7
Other flatfish,BSAI,BS,2025,2024,SSC Dec 2024.pdf,7,,10121,metric tons,Table 1. SSC recommended proposed OFL and ABC for Groundfish in the Bering Sea and Aleutian Islands,pdfs/SSC%20Dec%202024.pdf#page=7
Other flatfish,BSAI,BS,2026,2024,SSC Dec 2024.pdf,7,,9905,metric tons,Table 1. SSC recommended proposed OFL and ABC for Groundfish in the Bering Sea and Aleutian Islands,pdfs/SSC%20Dec%202024.pdf#page=7
Pacific ocean perch,BSAI,EAI,2025,2024,SSC Dec 2024.pdf,7,,6278,metric tons,Table 1. SSC recommended proposed OFL and ABC for Groundfish in the Bering Sea and Aleutian Islands,pdfs/SSC%20Dec%202024.pdf#page=7
Pacific ocean perch,BSAI,EAI,2026,2024,SSC Dec 2024.pdf,7,,6144,metric tons,Table 1. SSC recommended proposed OFL and ABC for Groundfish in the Bering Sea and Aleutian Islands,pdfs/SSC%20Dec%202024.pdf#page=7
Pacific ocean perch,BSAI,CAI,2025,2024,SSC Dec 2024.pdf,7,,5559,metric tons,Table 1. SSC recommended proposed OFL and ABC for Groundfish in the Bering Sea and Aleutian Islands,pdfs/SSC%20Dec%202024.pdf#page=7
Pacific ocean perch,BSAI,CAI,2026,2024,SSC Dec 2024.pdf,7,,5441,metric tons,Table 1. SSC recommended proposed OFL and ABC for Groundfish in the Bering Sea and Aleutian Islands,pdfs/SSC%20Dec%202024.pdf#page=7
Pacific ocean perch,BSAI,WAI,2025,2024,SSC Dec 2024.pdf,7,,15417,metric tons,Table 1. SSC recommended proposed OFL and ABC for Groundfish in the Bering Sea and Aleutian Islands,pdfs/SSC%20Dec%202024.pdf#page=7
Pacific ocean perch,BSAI,WAI,2026,2024,SSC Dec 2024.pdf,7,,16058,metric tons,Table 1. SSC recommended proposed OFL and ABC for Groundfish in the Bering Sea and Aleutian Islands,pdfs/SSC%20Dec%202024.pdf#page=7
Northern rockfish,BSAI,BSAI,2025,2024,SSC Dec 2024.pdf,7,22848,18694,metric tons,Table 1. SSC recommended proposed OFL and ABC for Groundfish in the Bering Sea and Aleutian Islands,pdfs/SSC%20Dec%202024.pdf#page=7
Northern rockfish,BSAI,BSAI,2026,2024,SSC Dec 2024.pdf,7,22284,18232,metric tons,Table 1. SSC recommended proposed OFL and ABC for Groundfish in the Bering Sea and Aleutian Islands,pdfs/SSC%20Dec%202024.pdf#page=7
Northern rockfish,BSAI,BSAI,2025,2024,SSC Dec 2024.pdf,7,838,706,metric tons,Table 1. SSC recommended proposed OFL and ABC for Groundfish in the Bering Sea and Aleutian Islands,pdfs/SSC%20Dec%202024.pdf#page=7
Northern rockfish,BSAI,BSAI,2026,2024,SSC Dec 2024.pdf,7,902,766,metric tons,Table 1. SSC recommended proposed OFL and ABC for Groundfish in the Bering Sea and Aleutian Islands,pdfs/SSC%20Dec%202024.pdf#page=7
Blackspotted/Rougheye rockfish,BSAI,BS/EAI,2025,2024,SSC Dec 2024.pdf,7,,408,metric tons,Table 1. SSC recommended proposed OFL and ABC for Groundfish in the Bering Sea and Aleutian Islands,pdfs/SSC%20Dec%202024.pdf#page=7
Blackspotted/Rougheye rockfish,BSAI,BS/EAI,2026,2024,SSC Dec 2024.pdf,7,,441,metric tons,Table 1. SSC recommended proposed OFL and ABC for Groundfish in the Bering Sea and Aleutian Islands,pdfs/SSC%20Dec%202024.pdf#page=7
Blackspotted/Rougheye rockfish Rockfish,BSAI,CAI/WAI,2025,2024,SSC Dec 2024.pdf,7,,298,metric tons,Table 1. SSC recommended proposed OFL and ABC for Groundfish in the Bering Sea and Aleutian Islands,pdfs/SSC%20Dec%202024.pdf#page=7
Blackspotted/Rougheye rockfish Rockfish,BSAI,CAI/WAI,2026,2024,SSC Dec 2024.pdf,7,,325,metric tons,Table 1. SSC recommended proposed OFL and ABC for Groundfish in the Bering Sea and Aleutian Islands,pdfs/SSC%20Dec%202024.pdf#page=7
Shortraker rockfish,BSAI,BSAI,2025,2024,SSC Dec 2024.pdf,7,631,473,metric tons,Table 1. SSC recommended proposed OFL and ABC for Groundfish in the Bering Sea and Aleutian Islands,pdfs/SSC%20Dec%202024.pdf#page=7
Shortraker rockfish,BSAI,BSAI,2026,2024,SSC Dec 2024.pdf,7,631,473,metric tons,Table 1. SSC recommended proposed OFL and ABC for Groundfish in the Bering Sea and Aleutian Islands,pdfs/SSC%20Dec%202024.pdf#page=7
Shortraker rockfish,BSAI,BSAI,2025,2024,SSC Dec 2024.pdf,7,1406,1054,metric tons,Table 1. SSC recommended proposed OFL and ABC for Groundfish in the Bering Sea and Aleutian Islands,pdfs/SSC%20Dec%202024.pdf#page=7
Shortraker rockfish,BSAI,BSAI,2026,2024,SSC Dec 2024.pdf,7,1406,1054,metric tons,Table 1. SSC recommended proposed OFL and ABC for Groundfish in the Bering Sea and Aleutian Islands,pdfs/SSC%20Dec%202024.pdf#page=7
Other rockfish,BSAI,BS,2025,2024,SSC Dec 2024.pdf,7,,639,metric tons,Table 1. SSC recommended proposed OFL and ABC for Groundfish in the Bering Sea and Aleutian Islands,pdfs/SSC%20Dec%202024.pdf#page=7
Other rockfish,BSAI,BS,2026,2024,SSC Dec 2024.pdf,7,,639,metric tons,Table 1. SSC recommended proposed OFL and ABC for Groundfish in the Bering Sea and Aleutian Islands,pdfs/SSC%20Dec%202024.pdf#page=7
Other rockfish,BSAI,AI,2025,2024,SSC Dec 2024.pdf,7,,415,metric tons,Table 1. SSC recommended proposed OFL and ABC for Groundfish in the Bering Sea and Aleutian Islands,pdfs/SSC%20Dec%202024.pdf#page=7
Other rockfish,BSAI,AI,2026,2024,SSC Dec 2024.pdf,7,,415,metric tons,Table 1. SSC recommended proposed OFL and ABC for Groundfish in the Bering Sea and Aleutian Islands,pdfs/SSC%20Dec%202024.pdf#page=7
Other rockfish,BSAI,BSAI,2025,2024,SSC Dec 2024.pdf,7,122622,103247,metric tons,Table 1. SSC recommended proposed OFL and ABC for Groundfish in the Bering Sea and Aleutian Islands,pdfs/SSC%20Dec%202024.pdf#page=7
Other rockfish,BSAI,BSAI,2026,2024,SSC Dec 2024.pdf,7,107889,92361,metric tons,Table 1. SSC recommended proposed OFL and ABC for Groundfish in the Bering Sea and Aleutian Islands,pdfs/SSC%20Dec%202024.pdf#page=7
Other rockfish,BSAI,BS/EAI,2025,2024,SSC Dec 2024.pdf,7,,46650,metric tons,Table 1. SSC recommended proposed OFL and ABC for Groundfish in the Bering Sea and Aleutian Islands,pdfs/SSC%20Dec%202024.pdf#page=7
Other rockfish,BSAI,BS/EAI,2026,2024,SSC Dec 2024.pdf,7,,41731,metric tons,Table 1. SSC recommended proposed OFL and ABC for Groundfish in the Bering Sea and Aleutian Islands,pdfs/SSC%20Dec%202024.pdf#page=7
Atka mackerel,BSAI,CAI,2025,2024,SSC Dec 2024.pdf,7,,26511,metric tons,Table 1. SSC recommended proposed OFL and ABC for Groundfish in the Bering Sea and Aleutian Islands,pdfs/SSC%20Dec%202024.pdf#page=7
Atka mackerel,BSAI,CAI,2026,2024,SSC Dec 2024.pdf,7,,23716,metric tons,Table 1. SSC recommended proposed OFL and ABC for Groundfish in the Bering Sea and Aleutian Islands,pdfs/SSC%20Dec%202024.pdf#page=7
Atka mackerel,BSAI,WAI,2025,2024,SSC Dec 2024.pdf,7,,30087,metric tons,Table 1. SSC recommended proposed OFL and ABC for Groundfish in the Bering Sea and Aleutian Islands,pdfs/SSC%20Dec%202024.pdf#page=7
Atka mackerel,BSAI,WAI,2026,2024,SSC Dec 2024.pdf,7,,26914,metric tons,Table 1. SSC recommended proposed OFL and ABC for Groundfish in the Bering Sea and Aleutian Islands,pdfs/SSC%20Dec%202024.pdf#page=7
Skates,BSAI,BSAI,2025,2024,SSC Dec 2024.pdf,7,44086,36523,metric tons,Table 1. SSC recommended proposed OFL and ABC for Groundfish in the Bering Sea and Aleutian Islands,pdfs/SSC%20Dec%202024.pdf#page=7
Skates,BSAI,BSAI,2026,2024,SSC Dec 2024.pdf,7,43285,35833,metric tons,Table 1. SSC recommended proposed OFL and ABC for Groundfish in the Bering Sea and Aleutian Islands,pdfs/SSC%20Dec%202024.pdf#page=7
Sharks,BSAI,BSAI,2025,2024,SSC Dec 2024.pdf,7,689,450,metric tons,Table 1. SSC recommended proposed OFL and ABC for Groundfish in the Bering Sea and Aleutian Islands,pdfs/SSC%20Dec%202024.pdf#page=7
Sharks,BSAI,BSAI,2026,2024,SSC Dec 2024.pdf,7,689,450,metric tons,Table 1. SSC recommended proposed OFL and ABC for Groundfish in the Bering Sea and Aleutian Islands,pdfs/SSC%20Dec%202024.pdf#page=7
Octopuses,BSAI,BSAI,2025,2024,SSC Dec 2024.pdf,7,6080,4560,metric tons,Table 1. SSC recommended proposed OFL and ABC for Groundfish in the Bering Sea and Aleutian Islands,pdfs/SSC%20Dec%202024.pdf#page=7
Octopuses,BSAI,BSAI,2026,2024,SSC Dec 2024.pdf,7,6080,4560,metric tons,Table 1. SSC recommended proposed OFL and ABC for Groundfish in the Bering Sea and Aleutian Islands,pdfs/SSC%20Dec%202024.pdf#page=7
